Unit UPC,Product Name
798304395136,Graviola Leaf - Liquid Extract - 12oz
798304169072,Papaya Leaf - Capsule Extract -  60/600mg
798304441550,Graviola Leaf - Liquid Extract - 1oz
798304173284,Papaya Leaf  - Tea - 24 Teabag
798304214185,Papaya Seed -  Liquid Extract - 1oz
798304460827,Gymnema Leaf  - Tea - 24 Teabag
798304348354,Bamboo Leaf  - Tea - 24 Teabag
798304395068,Graviola Leaf  - Tea - 24 Teabag
798304282092,Papaya Leaf - Blood Support - Capsule - 60/450mg
850035852279,Mullein Leaf - Tea - 24 Teabag
798304169089,Papaya Leaf - Liquid Extract - 16oz
850035852385,Soursop Graviola Leaf - Capsule Extract - 60/700mg
798304451962,Guava Leaf - Liquid Extract - 1oz
798304352252,Organic Papaya Seeds Powder 4oz
798304495423,Papaya Seed Powder - Capsule Extract - 60/600mg
798304493375,Avocado Leaf - Tea - 24 Teabag
798304468748,Papaya Blood Support - Liquid Extract - 12oz
798304214161,Guava Leaf  - Tea - 24 Teabag
810128951951,Blood-Platelet-Plus-Capsule Extract-60/600mg
798304497274,Kids - Calm Support - Liquid Extract - 1oz
798304493337,Mango Leaf - Liquid Extract - 1oz
798304471458,Cat's Claw Leaf -  Liquid Extract - 1oz
798304497281,Kids - Immune Support - Liquid Extract - 1oz
798304441499,Bamboo Leaf - Liquid Extract - 12oz
798304381849,Green Papaya Fruit - Capsule Extract - 60
798304497250,Kids - Tummy Tonic - Liquid Extract - 1oz
810128951142,Lung & Respiration Plus - Liquid Extract - 1oz
798304497267,Kids - Focus Formula - Liquid Extract - 1oz
810128951210,Bone & Joint Plus - Liquid Extract - 1oz
798304468762,Papaya Leaf - Blood Support - Liquid Extract - 1oz
810128950244,Hormone Harmony Plus - Liquid Extract - 12oz
798304411805,Bamboo Leaf - Liquid Extract - 1oz
810128952118,Blood Platelet Plus - Liquid Extract - 1oz
810128951098,Brain Focus Plus - Liquid Extract - 1oz
810128951104,Energy & Vitality Plus - Liquid Extract - 1oz
810128952774,Settle Down Tommy!
850035852453,Mullein Leaf - Liquid Extract - 12oz
810128952828,Simply B'cos I'm Happy!
810128952767,Sleepin' Beauty
798304497298,Kids - Sleep Support - Liquid Extract - 1oz
810128951234,Female Support - Liquid Extract - 1oz
798304444810,Guayusa Leaf - Liquid Extract - 12oz
798304497212,Hibiscus - Tea - 24 Teabags
810128951241,Gut Digest Plus - Liquid Extract - 1oz
810128950169,Liver Lovin' Plus - Liquid Extract - 12oz
810128951197,Soursop Bitters Liquid Extract - 15X Strength - 1oz
850035852866,Brain Focus Plus - Liquid Extract - 12oz
810128950909,Mullein Leaf - Liquid Extract - 1oz
850035852576,Body Detox Plus - Liquid Extract - 12oz
810128950879,Stone Breaker Liquid Extract - 12oz
850035852422,Avocado Leaf - Liquid Extract - 12oz
850035852880,Female Support - Liquid Extract - 12oz
810128950183,Serenity Plus -Liquid Extract - 12oz
810128952095,Body Detox Plus - Liquid Extract - 1oz
850035852743,Body Detox Plus - Capsule Extract - 60/600mg
810128952866,Bitter But No Crap!
798304471465,Cat's Claw Leaf - Liquid Extract - 12oz
810128951135,Liver Lovin' Plus - Liquid Extract - 1oz
810128952132,Stone Breaker Chanca Piedra Capsules - 60/600mg
810128951203,Stone Breaker Liquid Extract - 1oz
810128952910,Black Girl Magic
850035852606,Bone & Joint Plus - Liquid Extract - 12oz
850035852842,Energy & Vitality Plus - Liquid Extract - 12oz
810128952163,Hair Growth Plus - Liquid Extract - 1oz
810128951128,Immune-boost-liquid-1oz
810128951050,Balance Boss - Liquid Extract - 1oz
810128950237,Beauty Builder Plus - Liquid Extract - 12oz
850035852927,Beauty Sleep Plus - Liquid Extract - 12oz
850035852590,Gut Digest Plus - Liquid Extract - 12oz
810128952873,Organic Black Seed Oil - 8oz
798304451924,Guayusa Leaf - Liquid Extract - 1oz
850035852620,Immune-boost-liquid-12oz
850035852828,Radiance Boost Plus - Liquid Extract - 12oz
810128953047,Oil of Oregano - Organic 2oz
810128951074,Beauty Sleep Plus - Liquid Extract - 1oz
810128952859,"Break Those Stones, Baby!"
798304451948,Moringa Leaf Extract Liquid - 1oz
810128951043,Mood Boost Extract Blend Liquid - 1oz
798304441512,Moringa Leaf - Liquid Extract - 12oz
810128952842,Don't Give A Rats Bee-hind
810128952835,Radiantly Good Looking!
810128952156,Cell Renew Plus - Liquid Extract - 1oz
850035852538,Guava Leaf - Liquid Extract - 12oz
810128951067,Beauty Builder Plus - Liquid Extract - 1oz
810128951036,Radiance Plus - Liquid Extract - 1oz
798304262032,Papaya Leaf - Liquid Extract - 1oz
810128952125,15 Days Detox - Capsule Extract - 60/1900mg
810128952231,Avocado Leaf - Liquid Extract - 1oz
810128951081,Belly Bliss Plus - Liquid Extract - 1oz
810128952743,Bossy Confident Me
810128952781,Joints Be Happy
850035852545,Blood Platelet Plus - Liquid Extract - 12oz
850035852415,Mango Leaf - Liquid Extract -12oz
810128950251,FlowSecure Plus - Liquid Extract - 12oz
810128950992,Soursop Bitters Liquid Extract - 15X Strength - 12oz
850035852552,Hair Growth Plus - Liquid Extract - 12oz
810128951180,Serenity Plus-Liquid Extract - 1oz
850035852583,Lung & Respiration Plus - Liquid Extract - 12oz
810128952811,"Man Up, Men!"
810128950268,ManUp Power Plus  Liquid Extract - 12oz
810128951265,ManUp Power Plus  Liquid Extract - 1oz
850035852903,Memory & Cognition Plus - Liquid Extract - 12oz
850035852804,Mood Boost Extract Blend Liquid - 12oz
810128952750,Look Your Best Foot Forward!
810128951258,Hormone Harmony Plus - Liquid Extract - 1oz
810128951272,Memory & Cognition Plus - Liquid Extract - 1oz
810128950916,Olive Leaf - Liquid Extract - 1oz
850035852767,Olive Leaf - Liquid Extract - 12oz
810128952798,Secure in my Flow!
850035852569,Cell Renew Plus - Liquid Extract - 12oz
810128951111,FlowSecure Plus - Liquid Extract - 1oz
810128953030,Soursop Bitters Graviola Extract Capsules 120/1000mg
798304441543,Guayusa Leaf  - Tea - 24 Teabag
850035852408,Mushroom Blend_Liquid Extract_12oz
810128950213,Balance Boss - Liquid Extract - 12oz
798304240191,Papaya Leaf Tea - Case of 6/24 Teabags
810128951890,Matcha Organic Green Tea Powder - 8oz/224g
810128952828,Happy Mood Support Supplement 12oz
850035852460,Mushroom Extract Liquid - 1oz
